1,ENV_SCIENTIST,Rochette,rmarquese0@meetup.com,306-171-8098,233
2,ENV_SCIENTIST,Elwira,efaulkener1@state.tx.us,262-468-6254,145
3,RESIDENT,Amory,adallimore2@hc360.com,888-980-5313,114
4,RESIDENT,Odille,olarciere3@deviantart.com,478-488-2661,326
5,URBAN_PLANNER,Yuma,ybackshill4@furl.net,250-469-5054,373
6,ENV_SCIENTIST,Port,pbostock5@ft.com,578-850-0790,9
7,ENV_SCIENTIST,Ashely,akrink6@discuz.net,931-115-0534,276
8,ENV_SCIENTIST,Dave,dgiffon7@pcworld.com,750-199-5939,269
9,URBAN_PLANNER,Mordecai,mscraney8@wikispaces.com,458-312-3866,188
10,RESIDENT,Millisent,mbakhrushkin9@vinaora.com,222-354-8890,379
11,ENV_SCIENTIST,Mollie,mdeluea@jimdo.com,514-498-5435,311
12,RESIDENT,Renault,rallsob@google.it,321-283-1373,5
13,RESIDENT,Gordon,gburnc@illinois.edu,102-348-1968,386
14,ENV_SCIENTIST,Barnaby,bburdekind@stanford.edu,876-659-9127,72
15,RESIDENT,Allie,aalfonsettie@naver.com,512-984-9788,116
16,ENV_SCIENTIST,Lou,linklesf@prweb.com,930-421-1373,260
17,ENV_SCIENTIST,Joseito,jvalentineg@ebay.co.uk,861-660-9518,32
18,ENV_SCIENTIST,Arley,acorbeth@over-blog.com,717-579-9940,294
19,RESIDENT,Wrennie,wberesfordi@gov.uk,781-745-5272,69
20,URBAN_PLANNER,Darby,dvalslerj@about.me,403-671-6419,249
21,URBAN_PLANNER,Tommie,tcarlensk@boston.com,655-232-4844,203
22,ENV_SCIENTIST,Mallissa,mbourdell@elpais.com,552-102-3795,24
23,RESIDENT,Mallory,meadm@yandex.ru,159-880-0307,142
24,RESIDENT,Jorey,jtrevarthenn@ucsd.edu,918-784-4812,299
25,URBAN_PLANNER,Chloe,cduplocko@last.fm,578-857-1283,230
26,ENV_SCIENTIST,Kevin,kcovottop@meetup.com,330-334-7628,247
27,RESIDENT,Murry,msunshineq@reuters.com,257-358-4146,130
28,RESIDENT,Yancey,ymaggillandreisr@1und1.de,547-614-2372,161
29,ENV_SCIENTIST,Garey,gkybbyes@senate.gov,914-163-5268,364
30,ENV_SCIENTIST,Maitilde,mfraulot@shutterfly.com,602-281-9776,143
31,ENV_SCIENTIST,Ulick,uaugustusu@cornell.edu,430-635-4239,20
32,URBAN_PLANNER,Brade,bpirsonv@businessinsider.com,404-275-7200,334
33,URBAN_PLANNER,Andrea,ainggallw@ed.gov,956-685-1843,353
34,RESIDENT,Laura,lfoundsx@simplemachines.org,832-490-1842,320
35,ENV_SCIENTIST,Terry,tbelfy@jiathis.com,729-448-3620,67
36,URBAN_PLANNER,Urbano,uickowiczz@ocn.ne.jp,586-510-0813,289
37,URBAN_PLANNER,Dillie,dmillbank10@addthis.com,858-976-8221,223
38,URBAN_PLANNER,Isidora,imourgue11@howstuffworks.com,210-658-7006,387
39,ENV_SCIENTIST,Berke,baspinall12@technorati.com,977-457-3748,70
40,ENV_SCIENTIST,Luca,lsharrard13@weather.com,906-500-7152,215
41,ENV_SCIENTIST,Nikolaos,nmixon14@mtv.com,161-587-5747,214
42,ENV_SCIENTIST,Tomaso,tdumbreck15@indiegogo.com,915-449-4522,183
43,URBAN_PLANNER,Jason,jgrinsted16@theguardian.com,658-626-1969,264
44,ENV_SCIENTIST,Janaye,jmcsporon17@guardian.co.uk,855-547-8939,373
45,ENV_SCIENTIST,Lou,ltuke18@google.co.uk,138-394-8918,312
46,RESIDENT,Korry,kninnotti19@pagesperso-orange.fr,432-857-5095,295
47,RESIDENT,Erek,espedding1a@alibaba.com,939-412-6456,174
48,ENV_SCIENTIST,Allissa,agawke1b@seattletimes.com,697-745-6797,172
49,ENV_SCIENTIST,Odie,ocutting1c@independent.co.uk,236-486-7206,380
50,RESIDENT,Elena,ecottel1d@furl.net,321-625-6787,255
51,ENV_SCIENTIST,Ailey,ailymanov1e@techcrunch.com,813-502-4458,151
52,URBAN_PLANNER,Bette-ann,bacosta1f@nasa.gov,665-854-8703,301
53,ENV_SCIENTIST,Myrtie,mpopov1g@youtu.be,880-468-2104,69
54,URBAN_PLANNER,Hirsch,hsquibbs1h@webeden.co.uk,380-345-6635,195
55,URBAN_PLANNER,Curt,craubheim1i@deviantart.com,841-392-7926,92
56,RESIDENT,Roxane,rthorpe1j@ameblo.jp,890-104-9956,261
57,RESIDENT,Amata,amartlew1k@wordpress.org,203-844-1218,275
58,RESIDENT,Calv,catterley1l@mayoclinic.com,893-855-2981,68
59,RESIDENT,Laure,ltreneman1m@ox.ac.uk,406-654-8496,30
60,URBAN_PLANNER,Luise,lfearnsides1n@feedburner.com,727-680-7771,40
61,ENV_SCIENTIST,Concordia,cstrelitz1o@joomla.org,931-536-3403,331
62,RESIDENT,Kingsley,kfarlane1p@51.la,501-924-2581,76
63,ENV_SCIENTIST,Danica,dmitro1q@elpais.com,399-206-9710,49
64,ENV_SCIENTIST,Adler,aliversedge1r@cnbc.com,979-829-6643,279
65,RESIDENT,Audrey,aascroft1s@whitehouse.gov,601-121-7070,317
66,RESIDENT,Diannne,dstarsmore1t@eepurl.com,319-621-7753,382
67,ENV_SCIENTIST,Arturo,acauldfield1u@elpais.com,563-729-2214,332
68,URBAN_PLANNER,Lindy,lvile1v@mysql.com,361-667-8397,354
69,URBAN_PLANNER,Raimund,rpassfield1w@chronoengine.com,793-535-9069,72
70,RESIDENT,Sabra,swilloughley1x@wunderground.com,652-211-9702,308
71,ENV_SCIENTIST,Margarette,mclayworth1y@imdb.com,485-915-1825,69
72,URBAN_PLANNER,Tobin,trobottham1z@jalbum.net,830-550-6570,375
73,RESIDENT,Alessandro,amulroy20@earthlink.net,530-970-9810,234
74,RESIDENT,Gerardo,gronci21@archive.org,192-649-0598,50
75,URBAN_PLANNER,Jehu,jmurtagh22@globo.com,266-988-3790,375
76,RESIDENT,Fancy,fsondon23@slashdot.org,557-759-1312,109
77,URBAN_PLANNER,Melina,msparsholt24@smugmug.com,341-214-8669,195
78,URBAN_PLANNER,Teirtza,tkidgell25@google.cn,839-238-5556,141
79,ENV_SCIENTIST,Lynn,ldecruse26@tmall.com,972-316-2029,20
80,ENV_SCIENTIST,Sibylla,sliff27@vkontakte.ru,913-271-4124,262
81,RESIDENT,Langston,llaven28@nature.com,195-472-2784,70
82,URBAN_PLANNER,Becky,bashman29@ask.com,309-659-6781,128
83,URBAN_PLANNER,Rebecka,rdalwood2a@ovh.net,371-293-7236,61
84,ENV_SCIENTIST,Toddy,tmusgrave2b@gravatar.com,280-689-8933,36
85,RESIDENT,Cecilla,cnesterov2c@nbcnews.com,619-783-2652,38
86,ENV_SCIENTIST,Joycelin,jweddup2d@stanford.edu,524-278-1882,234
87,RESIDENT,Pauline,pmacphee2e@mtv.com,182-745-1244,252
88,RESIDENT,Goddard,gcharteris2f@devhub.com,860-195-2247,314
89,URBAN_PLANNER,Marcela,mpiscopello2g@xing.com,354-420-4299,109
90,URBAN_PLANNER,Berthe,bwaterfield2h@answers.com,807-447-0081,209
91,ENV_SCIENTIST,Roarke,rcussons2i@tuttocitta.it,989-758-1349,239
92,URBAN_PLANNER,Debbi,dtravis2j@chron.com,901-227-9865,32
93,RESIDENT,Georges,gmynott2k@uol.com.br,692-222-6502,371
94,URBAN_PLANNER,Johnath,jheiton2l@xrea.com,154-359-0224,219
95,ENV_SCIENTIST,Elvina,ehandaside2m@phpbb.com,490-596-7738,120
96,RESIDENT,Calida,cskells2n@feedburner.com,328-871-4774,384
97,RESIDENT,Jamal,jpyle2o@slashdot.org,846-435-1526,142
98,RESIDENT,Ailbert,alannin2p@ocn.ne.jp,440-499-0893,238
99,RESIDENT,Georgy,gpietesch2q@amazon.co.uk,624-499-5145,205
100,ENV_SCIENTIST,Berni,bmorfett2r@canalblog.com,212-262-8152,40
101,ENV_SCIENTIST,Hilliary,hpeskin2s@surveymonkey.com,781-548-6438,385
102,RESIDENT,Timoteo,tthunderman2t@fc2.com,428-177-8326,201
103,ENV_SCIENTIST,Darby,dshackelton2u@hugedomains.com,961-423-2856,193
104,RESIDENT,Letisha,lbaggallay2v@infoseek.co.jp,624-170-0430,211
105,RESIDENT,Sheffie,slangthorne2w@naver.com,901-919-9773,22
106,ENV_SCIENTIST,Hetti,hoflannery2x@artisteer.com,682-878-5598,370
107,URBAN_PLANNER,Rutherford,rmccahey2y@csmonitor.com,999-879-9558,259
108,RESIDENT,Ulick,udockerty2z@themeforest.net,605-470-9893,90
109,RESIDENT,Alvera,aallderidge30@webnode.com,975-317-1932,321
110,URBAN_PLANNER,Perl,pnewbury31@fc2.com,781-371-3534,93
111,RESIDENT,Jonas,jdoore32@comcast.net,899-576-1987,187
112,URBAN_PLANNER,Martita,mrizon33@taobao.com,330-118-8864,69
113,URBAN_PLANNER,Skip,sgoodhew34@cafepress.com,283-113-8946,327
114,ENV_SCIENTIST,Toby,tapedaile35@admin.ch,649-694-2096,217
115,RESIDENT,Ronnie,rjanata36@flavors.me,735-390-4997,223
116,ENV_SCIENTIST,Garald,gjarret37@disqus.com,835-290-8733,52
117,RESIDENT,Toinette,tspurling38@apache.org,172-944-1993,248
118,URBAN_PLANNER,Corabelle,csabey39@infoseek.co.jp,679-494-8672,360
119,URBAN_PLANNER,Deborah,dspinetti3a@blogger.com,291-716-7261,245
120,RESIDENT,Arlana,amacshane3b@un.org,206-341-0457,19
121,ENV_SCIENTIST,Obadias,osymones3c@cargocollective.com,974-127-1275,19
122,RESIDENT,Shalna,sbretherton3d@ifeng.com,631-823-4176,134
123,URBAN_PLANNER,Reece,rgyngell3e@unblog.fr,125-824-0892,284
124,RESIDENT,Dermot,dbarroux3f@imdb.com,354-441-4565,322
125,RESIDENT,Caz,ckleinhaut3g@google.com.hk,362-244-3997,188
126,ENV_SCIENTIST,Annamarie,aloynton3h@mail.ru,256-779-4875,217
127,ENV_SCIENTIST,Kaylil,knorthleigh3i@nbcnews.com,838-503-4811,26
128,RESIDENT,Alice,ayurocjhin3j@vkontakte.ru,433-678-2524,103
129,URBAN_PLANNER,Lewie,lalleway3k@ucla.edu,570-669-2761,246
130,ENV_SCIENTIST,Ariela,aupston3l@ask.com,672-632-7625,70
131,ENV_SCIENTIST,Britni,bgavrielly3m@dedecms.com,516-318-6528,58
132,URBAN_PLANNER,Annabel,aramlot3n@unesco.org,879-126-0943,79
133,URBAN_PLANNER,Angela,apettifor3o@omniture.com,890-591-4297,171
134,RESIDENT,Marieann,mhandley3p@dailymail.co.uk,172-134-2095,270
135,ENV_SCIENTIST,Ruthie,ralvey3q@sciencedaily.com,193-860-4752,345
136,RESIDENT,Idelle,idockwra3r@intel.com,629-804-4649,311
137,ENV_SCIENTIST,Lindsay,lkairns3s@posterous.com,735-247-0796,346
138,RESIDENT,Kaspar,klannen3t@ucsd.edu,647-254-9005,383
139,RESIDENT,Annecorinne,agabotti3u@techcrunch.com,964-156-5678,165
140,ENV_SCIENTIST,Sargent,sbrownsea3v@aboutads.info,324-584-8613,314
141,RESIDENT,Mimi,mglasson3w@skyrock.com,857-855-2472,334
142,RESIDENT,Gabriela,gswafford3x@about.com,299-711-1070,33
143,RESIDENT,Cynthia,cdangelo3y@joomla.org,306-335-2070,94
144,ENV_SCIENTIST,Sheba,sshout3z@ifeng.com,754-828-7847,188
145,ENV_SCIENTIST,Rayshell,rlowdham40@clickbank.net,999-578-4066,378
146,URBAN_PLANNER,Niall,ncrossby41@miibeian.gov.cn,547-548-6967,148
147,URBAN_PLANNER,Farley,fradloff42@census.gov,803-128-4465,255
148,RESIDENT,Sherye,sbucknill43@smugmug.com,237-891-5945,250
149,RESIDENT,Janaye,jlaverack44@nifty.com,462-892-4639,159
150,URBAN_PLANNER,Dag,dstlouis45@ocn.ne.jp,381-433-1253,255
151,RESIDENT,Emalia,edimberline46@loc.gov,894-287-0885,218
152,RESIDENT,Mallory,mfirby47@bbc.co.uk,679-826-7386,80
153,URBAN_PLANNER,Shandy,seburne48@cnn.com,152-435-4213,46
154,ENV_SCIENTIST,Deborah,dpardal49@dion.ne.jp,585-593-9601,112
155,RESIDENT,Rayna,ralpine4a@barnesandnoble.com,887-411-4949,299
156,ENV_SCIENTIST,Tobiah,tfranciottoi4b@tamu.edu,416-869-6121,287
157,URBAN_PLANNER,Libbi,llebrum4c@kickstarter.com,498-696-8050,23
158,RESIDENT,Mallory,meardley4d@samsung.com,381-848-8249,276
159,RESIDENT,Zarla,zricciardo4e@forbes.com,270-827-7801,22
160,URBAN_PLANNER,Mar,mpilmore4f@typepad.com,296-132-1704,358
161,ENV_SCIENTIST,Jarid,jwelton4g@ox.ac.uk,617-546-6856,238
162,URBAN_PLANNER,Esme,egamet4h@unicef.org,136-788-6080,177
163,URBAN_PLANNER,Arlana,achimienti4i@mlb.com,851-786-0533,86
164,RESIDENT,Joscelin,jmchugh4j@theatlantic.com,219-426-7166,237
165,RESIDENT,Tomkin,tpitblado4k@mlb.com,213-407-1827,51
166,ENV_SCIENTIST,Adriano,athorndale4l@wired.com,146-419-3665,170
167,URBAN_PLANNER,Pip,plightbourne4m@earthlink.net,223-688-3879,314
168,URBAN_PLANNER,Kahaleel,kaspital4n@globo.com,473-996-1515,271
169,URBAN_PLANNER,Raul,rapted4o@geocities.com,573-605-9056,251
170,RESIDENT,Annamarie,alazonby4p@myspace.com,977-675-2046,265
171,RESIDENT,Bendick,bcoare4q@imdb.com,697-795-0400,198
172,URBAN_PLANNER,Hephzibah,hlaffoleylane4r@nba.com,761-178-8365,45
173,RESIDENT,Kristen,kgabe4s@cam.ac.uk,542-820-2456,362
174,ENV_SCIENTIST,Corie,cdemetr4t@discovery.com,560-216-5163,143
175,RESIDENT,Morganica,mameerbeg4u@sina.com.cn,649-627-7306,29
176,RESIDENT,Leslie,ldonnachie4v@xinhuanet.com,924-236-1666,110
177,URBAN_PLANNER,Babita,bbuncombe4w@google.de,254-197-6252,209
178,RESIDENT,Andee,aeannetta4x@ovh.net,396-790-4920,67
179,ENV_SCIENTIST,Coralyn,csulman4y@intel.com,302-455-5751,135
180,RESIDENT,Cherie,cbiasotti4z@1688.com,572-339-6114,172
181,RESIDENT,Gilly,ghimsworth50@arstechnica.com,300-665-1982,67
182,ENV_SCIENTIST,Paten,pcallen51@imageshack.us,843-558-9379,231
183,ENV_SCIENTIST,Gardener,ghennemann52@t-online.de,963-878-1624,255
184,URBAN_PLANNER,Ame,afri53@webnode.com,872-992-8004,211
185,ENV_SCIENTIST,Putnam,phurtic54@wp.com,562-233-3501,26
186,ENV_SCIENTIST,Hyatt,hlayne55@e-recht24.de,732-539-3359,44
187,RESIDENT,Kingsly,kmeeson56@patch.com,391-709-7305,252
188,URBAN_PLANNER,Jerome,jrawlins57@themeforest.net,198-820-8066,267
189,ENV_SCIENTIST,Friedrich,fcamidge58@vinaora.com,364-569-3226,305
190,ENV_SCIENTIST,Mathe,mewence59@google.ru,147-113-8263,299
191,ENV_SCIENTIST,Steffane,ssaltwell5a@facebook.com,153-128-4025,230
192,ENV_SCIENTIST,Reeva,rpittel5b@bloglovin.com,777-552-9251,73
193,URBAN_PLANNER,Ellissa,eheeran5c@storify.com,780-847-5601,163
194,ENV_SCIENTIST,Durand,dnoni5d@shop-pro.jp,307-298-8933,307
195,RESIDENT,Samuel,scroy5e@google.de,268-586-6200,147
196,RESIDENT,Alfi,abuzin5f@qq.com,566-548-4916,323
197,URBAN_PLANNER,Leah,lcaughte5g@xrea.com,979-778-9462,313
198,URBAN_PLANNER,Vonny,vleguin5h@amazon.co.jp,571-163-8621,380
199,URBAN_PLANNER,Emelda,ekeane5i@techcrunch.com,910-551-5546,343
200,URBAN_PLANNER,Stinky,sseedhouse5j@nature.com,989-854-4734,50
201,URBAN_PLANNER,Cointon,chardaway5k@go.com,913-700-4981,3
202,RESIDENT,Tomasine,traithbie5l@nature.com,762-319-9199,247
203,RESIDENT,Barrett,bpadilla5m@state.gov,538-318-7726,146
204,RESIDENT,Corbett,cwoods5n@census.gov,440-658-8295,133
205,URBAN_PLANNER,Garreth,gcourage5o@biglobe.ne.jp,486-600-9076,268
206,ENV_SCIENTIST,Kev,kbeddow5p@comsenz.com,920-765-7955,381
207,RESIDENT,Marcelle,mblackmuir5q@sohu.com,401-251-6120,308
208,RESIDENT,Angil,afeatherbie5r@icio.us,799-801-8417,168
209,ENV_SCIENTIST,Maurizia,myarrall5s@guardian.co.uk,265-771-2000,306
210,URBAN_PLANNER,Dell,dchessum5t@miibeian.gov.cn,160-963-1754,301
211,URBAN_PLANNER,Kaiser,khorsey5u@wikia.com,805-675-5139,193
212,URBAN_PLANNER,Gawen,gcappleman5v@mit.edu,977-367-9792,285
213,URBAN_PLANNER,Westley,wblackader5w@woothemes.com,674-784-9943,308
214,URBAN_PLANNER,Pepe,pmapston5x@vkontakte.ru,842-890-4266,204
215,ENV_SCIENTIST,Sherri,skemer5y@illinois.edu,591-920-4077,231
216,ENV_SCIENTIST,Elise,efransemai5z@usa.gov,953-657-7776,302
217,RESIDENT,Talya,tdoumerque60@springer.com,185-481-6345,162
218,URBAN_PLANNER,Tedd,taldcorne61@nba.com,507-594-1926,221
219,URBAN_PLANNER,Ruttger,rdebenedetti62@npr.org,214-125-4939,253
220,URBAN_PLANNER,Gelya,gsteynor63@chronoengine.com,182-834-0602,158
221,ENV_SCIENTIST,Costa,ckix64@bloomberg.com,471-477-2352,190
222,URBAN_PLANNER,Leeland,lletham65@un.org,264-592-4657,148
223,RESIDENT,Farand,fpasmore66@123-reg.co.uk,523-326-8981,357
224,ENV_SCIENTIST,Aryn,afreen67@accuweather.com,639-117-8696,276
225,RESIDENT,Hadlee,hcicetti68@google.fr,794-363-9909,2
226,URBAN_PLANNER,Dorry,danelay69@e-recht24.de,667-496-1872,175
227,ENV_SCIENTIST,Audrey,amorrid6a@skype.com,276-457-9222,333
228,ENV_SCIENTIST,Sly,solford6b@is.gd,632-810-6851,264
229,ENV_SCIENTIST,Chrysler,cmacconachy6c@gmpg.org,582-714-7966,59
230,RESIDENT,Robbie,rmcnerlin6d@chronoengine.com,228-565-0030,128
231,RESIDENT,Sissy,schappelow6e@mediafire.com,207-614-8649,255
232,URBAN_PLANNER,Rossy,roller6f@etsy.com,923-420-0388,376
233,URBAN_PLANNER,Wendeline,wbexon6g@taobao.com,704-656-4047,348
234,ENV_SCIENTIST,Gran,gjune6h@ucla.edu,620-517-8973,306
235,RESIDENT,Michale,msaldler6i@apache.org,590-150-8327,301
236,URBAN_PLANNER,Siusan,sscurman6j@geocities.jp,346-262-8749,13
237,URBAN_PLANNER,Johnnie,jinstrell6k@mediafire.com,757-271-1462,347
238,RESIDENT,Justus,jlardier6l@senate.gov,439-651-6352,128
239,RESIDENT,Charlean,cshoulder6m@weather.com,390-520-8877,234
240,RESIDENT,Brocky,bmarthen6n@ezinearticles.com,655-432-5922,2
241,ENV_SCIENTIST,Jolene,jfranzen6o@360.cn,769-427-3248,372
242,URBAN_PLANNER,Marsh,mgiraudeau6p@infoseek.co.jp,981-497-8064,168
243,URBAN_PLANNER,Perkin,pmuggleton6q@linkedin.com,811-627-7172,232
244,URBAN_PLANNER,Stafford,sswanton6r@alexa.com,985-664-8008,386
245,URBAN_PLANNER,Roxi,rlegallo6s@eepurl.com,394-754-2553,357
246,RESIDENT,Lenna,lsey6t@ucoz.com,225-785-6081,46
247,RESIDENT,Isaak,ideppen6u@virginia.edu,343-473-9030,95
248,URBAN_PLANNER,Marlena,mlaxston6v@businesswire.com,615-807-9281,235
249,URBAN_PLANNER,Bertie,bzimmermeister6w@pinterest.com,750-297-7003,153
250,ENV_SCIENTIST,Linc,lshinner6x@arstechnica.com,111-758-1732,87
251,RESIDENT,Henryetta,hlaugherane6y@answers.com,523-511-7344,79
252,URBAN_PLANNER,Shea,ssemerad6z@washingtonpost.com,205-779-0994,232
253,URBAN_PLANNER,Donnamarie,dleason70@pen.io,668-768-3745,326
254,RESIDENT,Shela,sfranzini71@independent.co.uk,562-210-2986,145
255,URBAN_PLANNER,Julie,jteal72@ovh.net,211-458-5238,2
256,ENV_SCIENTIST,Lindy,lzimek73@uiuc.edu,902-289-5489,385
257,RESIDENT,Juliann,jmiddlemist74@amazonaws.com,469-391-4565,6
258,RESIDENT,Sheree,sgaltone75@arizona.edu,754-331-4330,211
259,ENV_SCIENTIST,Cesaro,cgelland76@shop-pro.jp,449-673-1180,126
260,ENV_SCIENTIST,Chevalier,cker77@icq.com,901-389-6374,65
261,RESIDENT,Humberto,hfriel78@live.com,196-100-2084,186
262,ENV_SCIENTIST,Taite,tcaudle79@howstuffworks.com,619-351-2652,49
263,RESIDENT,Brock,broelofsen7a@odnoklassniki.ru,644-148-0773,22
264,ENV_SCIENTIST,Charley,ccaplis7b@ning.com,444-929-5964,96
265,ENV_SCIENTIST,Henrie,hkestian7c@hatena.ne.jp,645-596-4842,388
266,RESIDENT,Ingeberg,iaspell7d@theguardian.com,612-366-0241,196
267,RESIDENT,Sergei,skime7e@apache.org,390-415-8803,335
268,ENV_SCIENTIST,Aluin,astovell7f@psu.edu,255-622-8441,263
269,ENV_SCIENTIST,Charmian,crackam7g@nba.com,685-312-0283,3
270,ENV_SCIENTIST,Octavia,oraincin7h@who.int,555-239-3212,214
271,ENV_SCIENTIST,Malachi,mkershaw7i@tripod.com,908-894-1368,321
272,URBAN_PLANNER,Nolan,ngussin7j@gravatar.com,242-816-7069,201
273,ENV_SCIENTIST,Gray,gcruxton7k@bigcartel.com,190-213-2826,298
274,URBAN_PLANNER,Lilia,lpadmore7l@soup.io,577-374-7313,262
275,ENV_SCIENTIST,Lottie,lwelden7m@a8.net,910-203-4310,52
276,ENV_SCIENTIST,Anjela,aconnal7n@wiley.com,867-589-4080,187
277,RESIDENT,Rik,rgoodwin7o@twitpic.com,309-792-7244,70
278,RESIDENT,Thatcher,tchilderhouse7p@jimdo.com,719-107-7156,201
279,ENV_SCIENTIST,Bette,bwalls7q@posterous.com,323-571-4829,60
280,RESIDENT,Roxane,rwillwood7r@eepurl.com,845-916-8915,120
281,ENV_SCIENTIST,Timmie,tsaunderson7s@whitehouse.gov,654-148-5966,97
282,RESIDENT,Katinka,krochester7t@live.com,705-471-6660,374
283,RESIDENT,Jerri,jchesser7u@drupal.org,387-683-5060,333
284,RESIDENT,Farrand,fwestcot7v@live.com,423-813-1620,216
285,RESIDENT,Olly,osherrock7w@php.net,694-793-0530,65
286,ENV_SCIENTIST,Yorgo,yscarffe7x@wiley.com,660-790-7179,316
287,URBAN_PLANNER,Maia,mnyles7y@about.com,296-108-1574,208
288,RESIDENT,Ray,rneissen7z@ucla.edu,772-177-0579,253
289,RESIDENT,Murry,mgomersall80@wikipedia.org,134-530-5801,50
290,ENV_SCIENTIST,Giovanni,gyushkin81@sakura.ne.jp,457-908-4529,302
291,RESIDENT,Dorene,dbaxstair82@reverbnation.com,518-166-6292,119
292,ENV_SCIENTIST,Allix,aschumacher83@aol.com,827-604-8605,331
293,URBAN_PLANNER,Cariotta,cdumbreck84@google.ca,922-996-4399,375
294,RESIDENT,Yorgo,ywortley85@jugem.jp,495-456-4213,16
295,URBAN_PLANNER,Sigismund,sdunrige86@nature.com,327-312-6048,294
296,ENV_SCIENTIST,Dacy,ddubber87@163.com,562-160-5696,55
297,RESIDENT,Miranda,memson88@intel.com,471-302-8393,268
298,URBAN_PLANNER,Westbrook,wgoforth89@google.es,844-246-6820,220
299,ENV_SCIENTIST,Zsa zsa,zkarlowicz8a@mayoclinic.com,470-662-2884,206
300,URBAN_PLANNER,Edith,ekitto8b@nps.gov,966-826-0556,210
301,RESIDENT,Tate,tdowe8c@bigcartel.com,869-633-9138,18
302,RESIDENT,Dorey,dduff8d@biglobe.ne.jp,650-727-0721,30
303,URBAN_PLANNER,Marissa,mwingeat8e@canalblog.com,209-469-5641,294
304,ENV_SCIENTIST,Yance,yseywood8f@moonfruit.com,563-949-7235,174
305,RESIDENT,Cleopatra,cmitchall8g@japanpost.jp,281-424-1821,58
306,RESIDENT,Bathsheba,btonge8h@uiuc.edu,782-973-1025,345
307,URBAN_PLANNER,Verla,vkeyhoe8i@redcross.org,532-581-6991,234
308,RESIDENT,Row,rmeaden8j@yolasite.com,567-392-9242,244
309,URBAN_PLANNER,Antoinette,atummons8k@furl.net,277-723-9491,122
310,RESIDENT,Prentiss,pchidler8l@myspace.com,505-336-4144,11
311,RESIDENT,Iris,idawidman8m@oakley.com,922-573-0202,334
312,ENV_SCIENTIST,Lilas,lsendall8n@lulu.com,205-523-8357,101
313,ENV_SCIENTIST,Kevon,kblewitt8o@amazon.de,616-831-5417,292
314,URBAN_PLANNER,Bruno,bbinion8p@home.pl,438-127-4234,72
315,URBAN_PLANNER,Ardis,afritz8q@blogs.com,157-805-1531,187
316,RESIDENT,Valdemar,vhuntriss8r@theguardian.com,938-955-2344,318
317,RESIDENT,Mavis,mmackerel8s@upenn.edu,168-564-9345,347
318,ENV_SCIENTIST,Ibbie,isalmond8t@intel.com,117-445-8896,367
319,ENV_SCIENTIST,Eleen,ekilbourn8u@studiopress.com,606-405-2291,296
320,URBAN_PLANNER,Armand,arobens8v@cbslocal.com,761-478-9589,241
321,RESIDENT,Whitney,wdauby8w@hhs.gov,564-820-0144,183
322,URBAN_PLANNER,Elissa,eallom8x@multiply.com,249-597-4559,21
323,ENV_SCIENTIST,Luce,lbilles8y@barnesandnoble.com,902-427-9066,215
324,ENV_SCIENTIST,Carol-jean,cizzat8z@wix.com,786-723-4125,244
325,ENV_SCIENTIST,Melicent,mrawlcliffe90@simplemachines.org,553-700-6234,258
326,RESIDENT,Nissy,ngorden91@i2i.jp,838-191-5104,26
327,ENV_SCIENTIST,Garth,gfarrens92@discuz.net,228-707-2728,159
328,ENV_SCIENTIST,Charity,cchifney93@g.co,821-702-4692,235
329,URBAN_PLANNER,Gerrilee,gjerdan94@java.com,170-547-9035,254
330,ENV_SCIENTIST,Jemmie,jmcquorkel95@sina.com.cn,927-492-8196,85
331,RESIDENT,Tanner,tinkle96@feedburner.com,950-120-0061,232
332,ENV_SCIENTIST,Jade,jeddies97@alibaba.com,836-116-6269,48
333,ENV_SCIENTIST,Addison,awolstenholme98@smh.com.au,963-709-6796,13
334,ENV_SCIENTIST,Eimile,eczajkowska99@youtube.com,859-374-8115,20
335,URBAN_PLANNER,Maribel,mwestmacott9a@symantec.com,446-831-1421,293
336,RESIDENT,Jacenta,jsweetsur9b@miitbeian.gov.cn,734-450-6958,306
337,RESIDENT,Vivi,vannion9c@nsw.gov.au,814-246-1755,206
338,URBAN_PLANNER,Stefan,sworlidge9d@toplist.cz,654-191-2882,378
339,RESIDENT,Wye,wcurl9e@netlog.com,510-943-0133,332
340,URBAN_PLANNER,Gayel,gbosma9f@baidu.com,946-187-5720,345
341,RESIDENT,Alia,aastridge9g@state.tx.us,281-474-8886,164
342,URBAN_PLANNER,Stinky,stwelve9h@imgur.com,228-281-6053,383
343,URBAN_PLANNER,Christophe,cwornham9i@hud.gov,611-312-1758,147
344,ENV_SCIENTIST,Robbie,rmenhci9j@themeforest.net,416-653-4966,73
345,ENV_SCIENTIST,Yetta,ydmitriev9k@marriott.com,469-644-4515,149
346,ENV_SCIENTIST,Beret,bperrins9l@sourceforge.net,620-792-7016,113
347,URBAN_PLANNER,Esta,epfleger9m@purevolume.com,956-444-6312,24
348,RESIDENT,Osbourn,ociraldo9n@is.gd,754-961-9783,249
349,ENV_SCIENTIST,Margot,msmither9o@utexas.edu,918-675-8925,222
350,ENV_SCIENTIST,Frasquito,ffrear9p@a8.net,123-346-4274,353
351,ENV_SCIENTIST,Paulo,pbairstow9q@networkadvertising.org,767-325-6173,123
352,URBAN_PLANNER,Sascha,sgannon9r@live.com,795-535-7948,344
353,URBAN_PLANNER,Cordy,cmateev9s@cpanel.net,824-848-8544,159
354,URBAN_PLANNER,Tabitha,thucks9t@vimeo.com,114-370-5101,60
355,RESIDENT,Dolf,dosorio9u@blogs.com,524-661-8953,217
356,RESIDENT,Rowney,rhordell9v@mozilla.com,941-645-6081,169
357,RESIDENT,Bert,belcock9w@barnesandnoble.com,620-311-9993,304
358,RESIDENT,Sancho,sschonfeld9x@bbb.org,708-583-2762,167
359,ENV_SCIENTIST,Paul,pamiss9y@nytimes.com,627-374-1906,80
360,RESIDENT,Sibyl,smollen9z@lycos.com,372-675-3546,386
361,ENV_SCIENTIST,Coralie,cfernana0@miitbeian.gov.cn,836-821-9957,342
362,ENV_SCIENTIST,Penn,ptuleya1@netlog.com,569-163-6993,215
363,RESIDENT,Joelle,jmacdiarmonda2@baidu.com,617-848-0869,172
364,RESIDENT,Albertina,aparmera3@berkeley.edu,989-805-3436,331
365,RESIDENT,Gian,ghoultona4@hud.gov,239-783-8253,366
366,ENV_SCIENTIST,Rebeka,rmuglestona5@oakley.com,421-639-6908,49
367,ENV_SCIENTIST,Stefanie,sdominellia6@msn.com,273-401-2106,370
368,ENV_SCIENTIST,Becky,bmaasa7@opera.com,628-949-4274,154
369,URBAN_PLANNER,Joline,jprudhama8@multiply.com,766-789-0438,112
370,ENV_SCIENTIST,Isabelita,ikulisa9@godaddy.com,973-263-2273,53
371,RESIDENT,Lewie,lfayreaa@squidoo.com,897-250-3169,73
372,URBAN_PLANNER,Clyve,ccourtneyab@samsung.com,972-212-0402,172
373,URBAN_PLANNER,Stefan,sdudmarshac@tinyurl.com,212-156-5250,245
374,ENV_SCIENTIST,Beatrice,bforbearad@imgur.com,891-519-1872,33
375,URBAN_PLANNER,Nelia,nwillshireae@odnoklassniki.ru,584-455-8629,226
376,ENV_SCIENTIST,Benjie,bpalkaf@answers.com,558-289-1872,104
377,URBAN_PLANNER,Delcine,dsulterag@exblog.jp,266-626-0294,76
378,RESIDENT,Chiquia,calexisah@etsy.com,839-901-9082,240
379,ENV_SCIENTIST,Anestassia,amanginotai@cyberchimps.com,305-294-6552,140
380,RESIDENT,Donielle,duffaj@mlb.com,162-545-8598,311
381,RESIDENT,Maryellen,mdussyak@csmonitor.com,684-301-2600,198
382,ENV_SCIENTIST,Chastity,cscourgieal@parallels.com,800-630-6414,279
383,RESIDENT,Muire,mtarburnam@merriam-webster.com,966-989-2779,114
384,URBAN_PLANNER,Alisander,aconneelyan@sbwire.com,332-310-7466,123
385,URBAN_PLANNER,Bibbye,bbaigentao@sphinn.com,300-149-0486,59
386,ENV_SCIENTIST,Quincy,qdentithap@nhs.uk,732-887-9324,51
387,RESIDENT,Harmonia,hlayusaq@mlb.com,201-668-0123,220
388,ENV_SCIENTIST,Charles,ctieraneyar@bizjournals.com,725-454-9340,92
389,ENV_SCIENTIST,Adelle,atayspellas@opensource.org,371-480-1520,16
390,URBAN_PLANNER,Stevena,spadillaat@ycombinator.com,308-166-4435,204
391,URBAN_PLANNER,Gene,gkenrightau@51.la,517-808-1262,387
392,URBAN_PLANNER,Trenna,tmockettav@vinaora.com,875-805-1868,82
393,RESIDENT,Fawne,fkezaraw@booking.com,840-597-3243,225
394,RESIDENT,Lorne,lcastagnassoax@theguardian.com,607-712-0019,82
395,ENV_SCIENTIST,Percy,ppeizeray@ftc.gov,981-970-2750,236
396,URBAN_PLANNER,Zelig,zhalfacreeaz@msu.edu,303-855-5234,71
397,ENV_SCIENTIST,Margret,mglewb0@123-reg.co.uk,603-406-9537,149
398,URBAN_PLANNER,Manya,mmargrieb1@chron.com,823-142-8743,362
399,RESIDENT,Abbe,aadvanib2@furl.net,155-331-7881,75
400,ENV_SCIENTIST,Bree,bturbardb3@wunderground.com,502-867-4365,168
