1,8652 Sheridan Crossing,RESIDENTIAL
2,1915 Westerfield Parkway,RESIDENTIAL
3,97172 Corry Avenue,FARM
4,55 Victoria Trail,COMERCIAL
5,81703 Lunder Trail,RESIDENTIAL
6,7554 Stoughton Way,RESIDENTIAL
7,32459 Pleasure Place,COMERCIAL
8,59 Rockefeller Hill,INDUSTRIAL
9,8 Becker Road,COMERCIAL
10,6272 Nobel Terrace,FARM
11,85 Hermina Road,RESIDENTIAL
12,86 Linden Place,INDUSTRIAL
13,748 Hermina Crossing,FARM
14,48431 Hauk Drive,RESIDENTIAL
15,497 Warrior Hill,INDUSTRIAL
16,99377 Prentice Pass,FARM
17,18478 Hallows Way,COMERCIAL
18,5 Chive Plaza,INDUSTRIAL
19,083 Gulseth Crossing,RESIDENTIAL
20,56 Miller Place,INDUSTRIAL
21,0 Kenwood Trail,FARM
22,715 Barby Way,COMERCIAL
23,4 Quincy Alley,FARM
24,1667 Grover Plaza,FARM
25,187 Homewood Way,FARM
26,865 Chinook Parkway,INDUSTRIAL
27,18 Becker Alley,RESIDENTIAL
28,36 School Trail,COMERCIAL
29,8000 Lawn Street,FARM
30,15 Mccormick Place,COMERCIAL
31,3718 Kinsman Place,FARM
32,64 South Point,INDUSTRIAL
33,9792 Emmet Drive,COMERCIAL
34,170 Wayridge Parkway,INDUSTRIAL
35,814 Anniversary Way,INDUSTRIAL
36,1694 Pepper Wood Lane,COMERCIAL
37,1 Hayes Court,INDUSTRIAL
38,9 Killdeer Hill,INDUSTRIAL
39,12 Swallow Hill,FARM
40,8 Stephen Court,RESIDENTIAL
41,7606 Fieldstone Lane,RESIDENTIAL
42,29327 Saint Paul Street,INDUSTRIAL
43,052 American Ash Avenue,FARM
44,237 Namekagon Terrace,COMERCIAL
45,8 Granby Lane,COMERCIAL
46,0 Bunker Hill Pass,RESIDENTIAL
47,53 Anniversary Trail,FARM
48,23 Buena Vista Point,RESIDENTIAL
49,15158 Logan Plaza,INDUSTRIAL
50,463 Bay Park,FARM
51,8688 Surrey Crossing,COMERCIAL
52,359 Dorton Point,RESIDENTIAL
53,60474 Manitowish Way,RESIDENTIAL
54,5389 Farragut Junction,COMERCIAL
55,1 Redwing Hill,INDUSTRIAL
56,99 Spaight Trail,RESIDENTIAL
57,205 Dakota Street,COMERCIAL
58,84918 Brentwood Plaza,RESIDENTIAL
59,293 Di Loreto Court,INDUSTRIAL
60,588 Bobwhite Hill,RESIDENTIAL
61,4798 Delladonna Junction,INDUSTRIAL
62,912 Garrison Alley,COMERCIAL
63,668 Dwight Court,INDUSTRIAL
64,11 Twin Pines Center,INDUSTRIAL
65,63359 Clyde Gallagher Center,INDUSTRIAL
66,59 Charing Cross Plaza,RESIDENTIAL
67,65210 Toban Court,INDUSTRIAL
68,18 Utah Circle,RESIDENTIAL
69,18554 Mallard Hill,RESIDENTIAL
70,60713 Bellgrove Avenue,FARM
71,54 Alpine Parkway,COMERCIAL
72,80467 Schmedeman Way,FARM
73,6626 Forest Place,COMERCIAL
74,7508 Rusk Circle,RESIDENTIAL
75,1087 Milwaukee Way,INDUSTRIAL
76,694 Prairieview Plaza,INDUSTRIAL
77,15 Forest Parkway,RESIDENTIAL
78,5 Autumn Leaf Terrace,COMERCIAL
79,7 Bashford Point,RESIDENTIAL
80,33507 Little Fleur Hill,INDUSTRIAL
81,65401 Arapahoe Alley,COMERCIAL
82,6 Rowland Crossing,RESIDENTIAL
83,6 Colorado Alley,FARM
84,6 Monica Point,RESIDENTIAL
85,1 Randy Avenue,RESIDENTIAL
86,3 Linden Plaza,INDUSTRIAL
87,6 Glacier Hill Way,INDUSTRIAL
88,26 Talisman Point,COMERCIAL
89,098 Farwell Pass,INDUSTRIAL
90,63 Starling Point,COMERCIAL
91,1107 Montana Point,FARM
92,71788 Dottie Court,INDUSTRIAL
93,3 Glacier Hill Way,FARM
94,8 Hanson Road,FARM
95,39618 Algoma Terrace,INDUSTRIAL
96,151 Bayside Parkway,COMERCIAL
97,7196 Park Meadow Street,RESIDENTIAL
98,24473 Luster Crossing,FARM
99,0 Laurel Road,COMERCIAL
100,378 Waywood Pass,FARM
101,655 Waxwing Lane,RESIDENTIAL
102,0016 John Wall Court,COMERCIAL
103,958 Anthes Hill,INDUSTRIAL
104,99 Carpenter Avenue,FARM
105,67630 Wayridge Center,RESIDENTIAL
106,52 Mifflin Avenue,FARM
107,881 Victoria Drive,FARM
108,8639 Eliot Avenue,RESIDENTIAL
109,24692 Emmet Plaza,INDUSTRIAL
110,1997 Oxford Parkway,RESIDENTIAL
111,4 Quincy Drive,FARM
112,35518 Monica Alley,INDUSTRIAL
113,6760 Cordelia Alley,FARM
114,16671 Rockefeller Park,INDUSTRIAL
115,84692 Rieder Junction,COMERCIAL
116,07 Sachs Road,RESIDENTIAL
117,728 8th Avenue,FARM
118,10 Caliangt Way,INDUSTRIAL
119,80291 Sloan Circle,RESIDENTIAL
120,55808 Corben Point,COMERCIAL
121,2303 Moland Park,INDUSTRIAL
122,7131 Quincy Avenue,COMERCIAL
123,96 Fulton Place,COMERCIAL
124,46994 Magdeline Alley,COMERCIAL
125,065 Maple Wood Parkway,COMERCIAL
126,8 Independence Way,RESIDENTIAL
127,90 David Lane,INDUSTRIAL
128,6316 Iowa Avenue,FARM
129,41 Waxwing Center,FARM
130,157 Elmside Point,RESIDENTIAL
131,72 8th Junction,INDUSTRIAL
132,3 Anzinger Crossing,INDUSTRIAL
133,21028 Sage Crossing,COMERCIAL
134,620 Morning Lane,COMERCIAL
135,9 Grasskamp Trail,INDUSTRIAL
136,48 Golden Leaf Drive,INDUSTRIAL
137,23294 Dixon Parkway,INDUSTRIAL
138,90 Karstens Plaza,FARM
139,385 Kings Junction,FARM
140,92575 Browning Parkway,INDUSTRIAL
141,4 Summerview Place,COMERCIAL
142,1176 Maple Wood Point,RESIDENTIAL
143,16 Corry Trail,COMERCIAL
144,12 Melrose Trail,RESIDENTIAL
145,10950 Stuart Drive,COMERCIAL
146,702 Maple Trail,FARM
147,96221 Lyons Road,COMERCIAL
148,3986 Anniversary Lane,COMERCIAL
149,69 Briar Crest Trail,RESIDENTIAL
150,779 Pearson Street,RESIDENTIAL
151,13930 Monica Junction,COMERCIAL
152,0 Clyde Gallagher Hill,RESIDENTIAL
153,8 Northview Avenue,INDUSTRIAL
154,24 Crownhardt Trail,FARM
155,33579 Banding Drive,RESIDENTIAL
156,07174 Valley Edge Circle,FARM
157,7703 Vernon Park,FARM
158,95985 Pond Drive,INDUSTRIAL
159,7785 Linden Point,INDUSTRIAL
160,261 Burning Wood Pass,INDUSTRIAL
161,9 Kennedy Alley,FARM
162,91160 Hudson Drive,RESIDENTIAL
163,801 Rowland Lane,INDUSTRIAL
164,340 Bonner Point,RESIDENTIAL
165,55246 Lien Place,RESIDENTIAL
166,2163 Fallview Pass,INDUSTRIAL
167,772 Division Point,FARM
168,6832 International Avenue,INDUSTRIAL
169,53 Linden Road,RESIDENTIAL
170,861 Prairie Rose Road,FARM
171,016 Anthes Lane,RESIDENTIAL
172,024 Vermont Terrace,COMERCIAL
173,1 Bayside Court,FARM
174,88 Killdeer Terrace,FARM
175,974 Warbler Avenue,INDUSTRIAL
176,28984 Dottie Junction,COMERCIAL
177,12 Texas Plaza,FARM
178,877 Randy Drive,INDUSTRIAL
179,3793 Tomscot Drive,RESIDENTIAL
180,7 Fieldstone Alley,COMERCIAL
181,50 Morningstar Alley,COMERCIAL
182,25140 Clyde Gallagher Pass,COMERCIAL
183,6375 Lukken Avenue,FARM
184,78474 Comanche Road,RESIDENTIAL
185,73479 Anhalt Avenue,INDUSTRIAL
186,19 Dahle Street,RESIDENTIAL
187,9603 Judy Crossing,INDUSTRIAL
188,78 Red Cloud Road,INDUSTRIAL
189,53185 Barnett Parkway,INDUSTRIAL
190,1248 David Park,RESIDENTIAL
191,94 American Parkway,INDUSTRIAL
192,646 Carberry Junction,RESIDENTIAL
193,093 Golf View Trail,RESIDENTIAL
194,937 Fieldstone Terrace,COMERCIAL
195,46 Prairie Rose Alley,INDUSTRIAL
196,343 Cottonwood Alley,FARM
197,005 Shelley Point,COMERCIAL
198,6250 Bowman Crossing,COMERCIAL
199,2535 Parkside Alley,RESIDENTIAL
200,91 Ronald Regan Parkway,RESIDENTIAL
201,20340 Northview Parkway,COMERCIAL
202,6388 Barby Terrace,RESIDENTIAL
203,9 Superior Court,INDUSTRIAL
204,92 Shoshone Court,FARM
205,966 Dennis Point,INDUSTRIAL
206,5053 Moose Circle,FARM
207,9390 Lakeland Lane,FARM
208,3 Waywood Way,FARM
209,17670 Meadow Valley Hill,RESIDENTIAL
210,2 Canary Circle,COMERCIAL
211,3916 Heath Hill,RESIDENTIAL
212,6604 Linden Terrace,INDUSTRIAL
213,9107 Lindbergh Lane,COMERCIAL
214,878 North Alley,FARM
215,9 Eagan Place,RESIDENTIAL
216,1460 Homewood Place,COMERCIAL
217,88 Acker Way,FARM
218,4 Meadow Valley Plaza,FARM
219,46 Anniversary Court,COMERCIAL
220,5874 Hooker Street,FARM
221,206 Forest Run Court,RESIDENTIAL
222,1 Springs Park,RESIDENTIAL
223,40783 Sommers Lane,INDUSTRIAL
224,26411 Carberry Court,COMERCIAL
225,8758 Randy Drive,COMERCIAL
226,8937 Schmedeman Terrace,FARM
227,27424 Melby Pass,FARM
228,90 Manley Plaza,RESIDENTIAL
229,193 Pepper Wood Alley,RESIDENTIAL
230,21 Morning Pass,FARM
231,27 Delladonna Place,RESIDENTIAL
232,01836 Karstens Plaza,INDUSTRIAL
233,35480 Monterey Center,FARM
234,4655 Carpenter Pass,INDUSTRIAL
235,6335 Upham Center,FARM
236,1 Meadow Vale Plaza,COMERCIAL
237,2421 Gulseth Hill,FARM
238,10 Valley Edge Terrace,INDUSTRIAL
239,06 Maryland Park,FARM
240,32 Golf View Park,INDUSTRIAL
241,155 Mendota Road,COMERCIAL
242,3518 Boyd Street,INDUSTRIAL
243,1358 1st Hill,FARM
244,0543 Mosinee Plaza,COMERCIAL
245,9563 Montana Court,INDUSTRIAL
246,76 Dwight Plaza,INDUSTRIAL
247,4758 Ramsey Trail,RESIDENTIAL
248,791 Fairview Park,COMERCIAL
249,088 Westend Drive,COMERCIAL
250,82383 Buhler Court,INDUSTRIAL
251,46425 Hanover Plaza,COMERCIAL
252,900 Scoville Street,INDUSTRIAL
253,8048 Scofield Road,RESIDENTIAL
254,72330 Gulseth Drive,COMERCIAL
255,6 Victoria Plaza,INDUSTRIAL
256,94 3rd Circle,INDUSTRIAL
257,56527 Michigan Court,INDUSTRIAL
258,31512 Alpine Court,INDUSTRIAL
259,11 Maywood Junction,COMERCIAL
260,08 Ridgeview Pass,FARM
261,2130 Blaine Place,RESIDENTIAL
262,0822 Farragut Alley,COMERCIAL
263,451 Village Way,FARM
264,4 Corscot Hill,RESIDENTIAL
265,33555 Park Meadow Park,FARM
266,5194 Hollow Ridge Road,RESIDENTIAL
267,3282 Holy Cross Avenue,RESIDENTIAL
268,57 Hoepker Trail,COMERCIAL
269,6566 Maywood Hill,FARM
270,75 Surrey Avenue,INDUSTRIAL
271,6609 Almo Junction,FARM
272,31 Pond Alley,COMERCIAL
273,47 Muir Lane,COMERCIAL
274,29 Monica Junction,RESIDENTIAL
275,8 Kropf Road,RESIDENTIAL
276,47867 Moulton Court,INDUSTRIAL
277,7 Rusk Place,FARM
278,25 Fulton Road,RESIDENTIAL
279,189 Messerschmidt Point,FARM
280,7 Old Shore Pass,RESIDENTIAL
281,41136 Packers Pass,INDUSTRIAL
282,7 Sugar Crossing,COMERCIAL
283,60202 Granby Circle,FARM
284,1482 Karstens Alley,COMERCIAL
285,1033 Anderson Road,INDUSTRIAL
286,8537 Fallview Circle,FARM
287,0 Jackson Road,COMERCIAL
288,924 Forest Dale Avenue,COMERCIAL
289,05488 Corscot Crossing,COMERCIAL
290,929 Cody Terrace,COMERCIAL
291,7127 Riverside Court,COMERCIAL
292,6941 Daystar Hill,FARM
293,46588 Lyons Terrace,COMERCIAL
294,95 Portage Drive,INDUSTRIAL
295,631 Truax Terrace,COMERCIAL
296,3073 Kennedy Hill,COMERCIAL
297,57679 Almo Parkway,INDUSTRIAL
298,09484 Schurz Street,RESIDENTIAL
299,9817 Harper Road,COMERCIAL
300,6259 Delladonna Road,INDUSTRIAL
301,37877 Killdeer Junction,FARM
302,16256 Cordelia Road,FARM
303,269 Namekagon Way,FARM
304,1288 Sunbrook Avenue,FARM
305,71 Meadow Vale Place,COMERCIAL
306,5 Eagan Hill,FARM
307,78919 Mayfield Center,INDUSTRIAL
308,8259 Prentice Alley,FARM
309,3 Florence Alley,RESIDENTIAL
310,2485 Lyons Drive,FARM
311,20 Mendota Junction,COMERCIAL
312,17022 La Follette Street,COMERCIAL
313,26 Arkansas Court,FARM
314,266 Sachs Place,RESIDENTIAL
315,95675 Sunnyside Hill,COMERCIAL
316,10941 Northport Way,FARM
317,34 Rowland Way,COMERCIAL
318,1063 Lawn Court,RESIDENTIAL
319,56425 Oxford Avenue,FARM
320,6 Scoville Drive,INDUSTRIAL
321,27 Crownhardt Center,INDUSTRIAL
322,0 Meadow Valley Place,RESIDENTIAL
323,68 Sundown Hill,COMERCIAL
324,1 2nd Circle,COMERCIAL
325,157 North Terrace,COMERCIAL
326,085 Sachtjen Center,COMERCIAL
327,0 Fremont Way,FARM
328,5164 Lyons Parkway,FARM
329,34 Paget Park,FARM
330,30631 Shopko Court,COMERCIAL
331,05223 Ludington Alley,COMERCIAL
332,5272 Dunning Road,COMERCIAL
333,479 Wayridge Alley,RESIDENTIAL
334,3497 Meadow Ridge Pass,RESIDENTIAL
335,68577 Lyons Hill,FARM
336,99168 Fremont Way,INDUSTRIAL
337,7 Sunbrook Center,INDUSTRIAL
338,227 Oriole Parkway,FARM
339,6 Loeprich Place,RESIDENTIAL
340,4008 Westridge Parkway,COMERCIAL
341,7 Portage Place,INDUSTRIAL
342,2 Autumn Leaf Street,RESIDENTIAL
343,39625 Vahlen Junction,INDUSTRIAL
344,64641 Garrison Circle,RESIDENTIAL
345,263 Lunder Center,COMERCIAL
346,691 Miller Point,FARM
347,88819 Coleman Terrace,RESIDENTIAL
348,59 Melvin Way,COMERCIAL
349,9506 Vera Park,FARM
350,569 Di Loreto Point,RESIDENTIAL
351,6 Carpenter Way,FARM
352,8693 Brentwood Road,FARM
353,96456 Alpine Terrace,RESIDENTIAL
354,8 Gateway Park,FARM
355,07 Debs Place,INDUSTRIAL
356,0 Brentwood Drive,INDUSTRIAL
357,496 Scoville Lane,RESIDENTIAL
358,41 Anniversary Drive,FARM
359,3 Veith Lane,INDUSTRIAL
360,534 Mariners Cove Place,COMERCIAL
361,3705 Stoughton Place,INDUSTRIAL
362,8587 Golf Course Court,RESIDENTIAL
363,2 Fisk Junction,INDUSTRIAL
364,5 Moland Lane,RESIDENTIAL
365,280 Kings Court,RESIDENTIAL
366,75 Petterle Trail,COMERCIAL
367,94429 Carpenter Terrace,COMERCIAL
368,7700 West Terrace,RESIDENTIAL
369,773 7th Way,INDUSTRIAL
370,3485 Maple Wood Trail,RESIDENTIAL
371,8507 Milwaukee Parkway,FARM
372,919 Holy Cross Park,COMERCIAL
373,45 Russell Circle,COMERCIAL
374,65 Crescent Oaks Circle,FARM
375,767 Charing Cross Street,FARM
376,11 Caliangt Plaza,RESIDENTIAL
377,3 Jackson Alley,RESIDENTIAL
378,39464 Farmco Center,INDUSTRIAL
379,40751 Bluestem Park,INDUSTRIAL
380,15 Florence Trail,RESIDENTIAL
381,730 Bunker Hill Way,INDUSTRIAL
382,42 Briar Crest Drive,INDUSTRIAL
383,8904 Artisan Center,RESIDENTIAL
384,94 Derek Park,INDUSTRIAL
385,1 Moose Alley,FARM
386,91821 Jay Place,COMERCIAL
387,352 Bayside Road,FARM
388,16339 Grasskamp Center,COMERCIAL
389,60402 Golf Course Alley,INDUSTRIAL
390,039 Scoville Drive,RESIDENTIAL
391,43 Acker Point,FARM
392,03 Lighthouse Bay Pass,COMERCIAL
393,666 1st Avenue,INDUSTRIAL
394,36 Riverside Trail,COMERCIAL
395,2 Carpenter Terrace,FARM
396,54 International Park,INDUSTRIAL
397,2776 Park Meadow Terrace,COMERCIAL
398,27 Huxley Road,INDUSTRIAL
399,2 Tennyson Court,INDUSTRIAL
400,845 Arapahoe Circle,INDUSTRIAL
